close,day,high,low,open,volume
100.060,2016-05-04,100.060,100.050,100.050,260000
102.000,2016-05-11,102.000,101.000,101.000,27820
102.400,2016-05-12,102.500,102.100,102.490,1730
102.600,2016-05-13,102.600,102.000,102.600,15900
102.590,2016-05-16,102.600,102.330,102.600,4840
102.590,2016-05-17,102.600,102.400,102.600,19930
102.550,2016-05-18,102.550,102.250,102.250,1450
102.540,2016-05-19,102.540,102.200,102.200,210
102.550,2016-05-20,102.550,102.550,102.550,190
102.540,2016-05-23,102.540,102.540,102.540,50
102.540,2016-05-24,102.570,102.540,102.570,180
102.200,2016-05-25,102.200,102.200,102.200,100
102.200,2016-05-26,102.200,102.200,102.200,110
102.300,2016-05-30,102.300,102.300,102.300,90
102.300,2016-06-01,102.300,102.180,102.180,350
102.300,2016-06-03,102.300,102.000,102.000,120
102.280,2016-06-07,102.280,102.280,102.280,200
102.280,2016-06-14,102.280,102.280,102.280,190
102.250,2016-06-15,102.490,92.590,92.590,1020
102.230,2016-06-16,102.230,102.230,102.230,20
102.210,2016-06-20,102.260,100.400,100.400,21190
102.190,2016-06-23,102.190,102.160,102.160,110
102.220,2016-06-27,102.290,102.220,102.270,2200
102.000,2016-06-28,102.180,101.900,102.180,530
101.580,2016-06-29,101.600,101.330,101.360,3980
101.250,2016-06-30,101.250,101.200,101.210,9040
101.230,2016-07-01,101.230,101.100,101.100,4390
101.100,2016-07-04,101.250,101.000,101.240,10280
101.000,2016-07-05,101.100,101.000,101.100,4540
100.490,2016-07-06,101.000,100.310,101.000,136920
100.400,2016-07-07,100.490,100.400,100.480,18910
100.700,2016-07-08,100.850,100.440,100.500,30890
101.090,2016-07-11,101.170,100.640,100.890,57460
100.910,2016-07-12,101.050,100.860,100.960,14750
100.710,2016-07-13,100.910,100.700,100.910,87740
100.700,2016-07-14,100.720,100.560,100.720,161370
100.740,2016-07-15,100.770,100.510,100.530,214840
101.240,2016-07-18,101.500,100.740,100.850,28910
101.250,2016-07-19,101.300,101.000,101.000,145390
102.000,2016-07-20,102.000,101.250,101.250,396630
103.150,2016-07-21,103.150,102.360,102.360,202180
102.800,2016-07-25,102.900,102.590,102.900,81300
102.600,2016-07-26,102.790,102.510,102.600,19470
102.810,2016-07-27,102.850,102.750,102.750,127770
102.900,2016-07-28,102.900,102.660,102.660,39540
103.350,2016-07-29,103.350,103.110,103.350,309760
103.450,2016-08-01,103.460,103.000,103.350,140940
103.180,2016-08-02,103.420,103.180,103.400,22260
103.490,2016-08-03,103.490,103.250,103.250,354530
103.650,2016-08-05,103.650,103.320,103.330,267370
103.900,2016-08-08,103.900,103.680,103.680,1730
104.800,2016-08-09,104.800,104.210,104.210,185910
105.490,2016-08-10,105.610,105.010,105.010,154380
105.340,2016-08-11,105.390,105.000,105.250,53720
106.210,2016-08-12,106.300,105.180,105.180,342670
106.610,2016-08-15,107.450,106.400,106.590,621810
106.480,2016-08-16,106.900,106.310,106.770,370870
106.100,2016-08-17,106.200,105.990,106.200,247580
106.190,2016-08-18,106.190,105.870,105.980,46460
104.980,2016-08-19,105.900,104.950,105.900,219520
105.200,2016-08-22,105.210,105.100,105.100,358440
105.380,2016-08-23,105.380,104.780,105.230,794070
104.300,2016-08-24,104.800,104.080,104.800,640670
104.540,2016-08-25,104.540,104.350,104.500,524420
105.000,2016-08-26,105.000,104.500,104.500,796480
104.590,2016-08-29,104.640,104.450,104.640,480490
104.140,2016-08-30,104.530,104.000,104.530,277130
104.030,2016-08-31,104.200,104.030,104.090,166630
104.100,2016-09-01,104.100,104.000,104.060,591070
104.400,2016-09-02,104.500,104.100,104.100,748870
104.480,2016-09-05,104.500,104.200,104.200,171470
103.700,2016-09-06,104.410,103.700,104.410,373770
103.540,2016-09-07,103.830,103.210,103.830,1305940
103.660,2016-09-08,103.990,103.400,103.400,90350
104.100,2016-09-09,104.170,103.790,103.990,623870
103.710,2016-09-12,103.890,103.660,103.700,71240
104.200,2016-09-13,104.200,103.800,104.000,1125400
104.290,2016-09-14,104.350,104.010,104.020,106530
104.220,2016-09-19,104.500,104.200,104.290,7260
104.600,2016-09-20,104.600,104.300,104.300,357790
104.500,2016-09-21,104.600,104.370,104.600,102590
104.690,2016-09-22,104.780,104.520,104.600,103620
105.400,2016-09-23,105.500,104.900,104.900,710980
105.920,2016-09-26,105.960,105.490,105.490,662080
105.590,2016-09-27,105.700,105.500,105.570,532610
105.640,2016-09-28,105.640,105.480,105.480,283060
105.600,2016-09-29,105.610,105.380,105.400,263450
105.850,2016-09-30,105.850,105.560,105.790,352340
106.850,2016-10-10,106.970,105.850,105.850,434370
106.760,2016-10-11,106.780,106.730,106.780,126030
106.690,2016-10-12,106.690,106.360,106.500,507170
106.850,2016-10-13,106.850,106.500,106.500,257300
107.060,2016-10-14,107.270,106.840,106.840,607580
107.070,2016-10-17,107.170,106.870,107.010,241590
106.940,2016-10-18,107.200,106.940,107.000,147390
107.450,2016-10-19,107.870,106.900,107.180,241750
108.070,2016-10-20,108.270,107.500,107.510,113010
108.290,2016-10-21,108.420,108.140,108.150,620930
107.650,2016-10-24,108.270,107.650,108.270,120370
107.670,2016-10-25,107.700,107.600,107.700,110820
106.930,2016-10-26,107.400,106.900,107.400,1428650
107.600,2016-10-27,107.600,106.000,106.000,957250
107.810,2016-10-28,107.890,107.700,107.710,651840
107.700,2016-10-31,107.800,107.280,107.800,2914890
107.150,2016-11-01,107.490,107.150,107.480,144900
107.020,2016-11-02,107.590,106.930,107.590,151470
107.260,2016-11-03,107.500,107.200,107.340,1262530
107.320,2016-11-04,107.480,107.300,107.310,381300
107.150,2016-11-07,107.360,107.030,107.360,19160
106.210,2016-11-08,107.020,105.870,107.020,1090790
106.470,2016-11-09,107.000,106.110,106.320,151540
105.420,2016-11-10,106.010,105.220,106.010,1012800
104.800,2016-11-11,105.430,104.550,105.390,169930
104.660,2016-11-14,105.100,104.560,104.560,4650
103.550,2016-11-15,104.540,103.550,104.470,230690
103.400,2016-11-16,104.110,103.400,103.700,157660
102.480,2016-11-17,103.260,99.400,103.260,992410
102.640,2016-11-18,103.070,102.190,102.470,429260
102.630,2016-11-21,102.960,102.630,102.920,106790
103.000,2016-11-22,103.300,102.710,102.710,422740
104.030,2016-11-23,104.030,102.830,103.000,508220
104.030,2016-11-24,104.500,103.580,104.500,619590
104.460,2016-11-25,104.460,103.860,104.160,435360
104.280,2016-11-28,105.270,104.110,104.110,965610
103.400,2016-11-29,104.830,103.400,104.500,412180
103.000,2016-11-30,104.090,102.430,103.530,418780
102.180,2016-12-01,103.500,102.130,103.380,721540
102.250,2016-12-02,102.500,102.020,102.500,433830
101.830,2016-12-05,102.520,101.830,102.040,135110
100.890,2016-12-06,101.850,100.760,101.850,239340
100.760,2016-12-07,101.250,100.640,100.640,237900
101.410,2016-12-08,101.690,101.190,101.220,1033820
101.040,2016-12-09,101.400,100.960,101.400,102610
99.900,2016-12-12,101.000,99.600,101.000,146900
98.850,2016-12-13,100.000,98.700,100.000,363440
98.420,2016-12-14,99.500,98.310,99.500,218220
95.600,2016-12-15,98.380,95.330,98.380,133900
95.230,2016-12-16,96.450,95.000,95.550,374780
93.700,2016-12-19,95.200,93.520,95.010,424280
93.500,2016-12-20,94.000,93.180,93.580,331460
94.450,2016-12-21,94.460,93.750,94.000,601830
95.200,2016-12-22,95.530,94.410,94.410,104320
96.230,2016-12-23,96.310,95.320,95.350,164060
96.130,2016-12-26,96.330,95.900,96.180,87380
95.780,2016-12-27,96.250,92.230,96.010,97620
96.000,2016-12-28,96.290,95.280,95.280,191790
97.200,2016-12-29,97.490,96.000,96.000,191540
98.370,2016-12-30,98.490,96.550,96.550,175810
98.100,2017-01-03,98.460,97.520,98.370,96200
98.090,2017-01-04,98.240,97.870,98.050,43720
97.930,2017-01-05,98.120,97.120,98.120,41690
97.730,2017-01-06,97.930,97.560,97.840,27800
97.740,2017-01-09,97.830,97.550,97.600,11000
97.910,2017-01-10,98.280,97.610,97.850,9910
97.580,2017-01-11,97.760,97.400,97.600,19450
97.650,2017-01-12,97.660,97.400,97.500,5050
97.700,2017-01-13,97.700,97.650,97.650,8970
97.560,2017-01-16,97.770,97.470,97.610,3710
97.000,2017-01-17,97.360,96.730,97.160,16800
96.910,2017-01-18,97.000,96.900,97.000,17350
96.860,2017-01-19,96.950,96.630,96.950,22820
97.040,2017-01-20,97.040,96.870,96.990,27880
96.970,2017-01-23,96.990,96.580,96.670,5980
96.850,2017-01-24,97.050,96.850,96.970,1580
96.300,2017-01-25,97.000,96.010,97.000,17860
96.100,2017-01-26,96.520,96.080,96.520,24030
95.490,2017-02-03,96.160,95.340,96.160,41460
94.850,2017-02-06,95.200,94.530,95.200,16710
94.520,2017-02-07,94.930,94.290,94.930,65170
94.400,2017-02-08,94.700,94.380,94.670,16400
94.640,2017-02-09,94.660,94.320,94.320,34160
94.630,2017-02-10,94.640,94.550,94.630,24110
94.320,2017-02-13,94.550,94.320,94.520,119320
94.160,2017-02-14,94.300,94.160,94.300,39030
94.100,2017-02-15,94.280,94.000,94.280,30330
94.050,2017-02-16,94.180,94.000,94.160,33800
94.240,2017-02-17,94.370,94.100,94.110,194040
94.590,2017-02-20,94.630,94.140,94.140,117960
94.400,2017-02-21,94.480,94.260,94.480,167150
94.610,2017-02-22,94.610,94.220,94.400,51360
94.650,2017-02-23,94.720,94.500,94.630,33280
94.790,2017-02-24,94.890,94.710,94.890,7550
94.600,2017-02-27,94.800,94.600,94.600,3660
94.580,2017-02-28,94.710,94.530,94.710,73450
94.250,2017-03-01,94.590,94.250,94.500,22520
94.250,2017-03-02,94.400,94.160,94.160,2220
94.410,2017-03-03,94.450,94.250,94.250,8520
94.330,2017-03-06,94.500,94.160,94.160,1850
94.440,2017-03-07,94.440,94.300,94.330,20690
94.300,2017-03-08,94.450,94.280,94.440,8330
93.980,2017-03-09,94.190,93.940,94.180,20400
93.980,2017-03-10,93.980,93.960,93.980,3810
93.940,2017-03-13,93.960,93.910,93.950,7900
93.990,2017-03-14,94.100,93.880,93.880,36300
93.960,2017-03-15,94.000,93.940,94.000,1500
94.240,2017-03-16,94.300,93.810,94.160,134450
94.170,2017-03-17,94.260,94.160,94.180,2800
94.130,2017-03-20,94.270,94.100,94.150,1940
94.100,2017-03-21,94.110,93.900,94.020,12610
94.000,2017-03-22,94.350,93.810,93.810,16960
94.050,2017-03-23,94.180,93.860,94.000,36560
94.330,2017-03-24,94.350,93.980,93.980,41660
94.400,2017-03-27,94.500,94.140,94.310,35010
94.300,2017-03-28,94.500,94.300,94.370,70460
94.500,2017-03-29,94.600,94.010,94.090,22540
94.250,2017-03-30,94.480,94.180,94.470,31170
94.510,2017-03-31,94.520,94.170,94.170,92470
94.520,2017-04-05,94.820,94.450,94.540,170290
94.620,2017-04-06,94.620,94.620,94.620,20
95.220,2017-04-07,95.250,94.660,94.660,128460
95.150,2017-04-10,95.210,94.970,94.970,16000
94.940,2017-04-11,95.070,94.700,94.950,181650
95.160,2017-04-12,95.290,95.000,95.000,62720
95.700,2017-04-13,96.110,95.190,96.110,94250
95.580,2017-04-14,96.350,95.290,96.000,43470
95.140,2017-04-17,95.200,95.000,95.140,8600
95.090,2017-04-18,95.210,94.910,95.210,1080
95.180,2017-04-19,95.340,94.510,94.510,2390
95.000,2017-04-20,95.660,94.780,94.920,6540
94.980,2017-04-21,95.140,94.740,95.140,8620
94.780,2017-04-24,94.970,94.300,94.970,3660
94.510,2017-04-25,94.760,94.000,94.180,13680
94.140,2017-04-26,94.520,93.900,94.500,15790
93.800,2017-04-27,93.940,93.800,93.940,18440
93.800,2017-04-28,93.800,93.750,93.800,36700
93.700,2017-05-02,93.800,93.640,93.640,11360
93.680,2017-05-03,93.690,93.500,93.690,1920
93.100,2017-05-04,93.410,93.030,93.410,7740
93.140,2017-05-05,93.240,92.310,93.240,2430
93.180,2017-05-08,93.750,92.650,93.080,1030
92.760,2017-05-09,92.800,92.760,92.800,2080
92.490,2017-05-10,92.720,92.300,92.720,25490
92.310,2017-05-11,93.260,92.160,93.260,9370
92.120,2017-05-12,92.350,91.900,92.320,27390
91.900,2017-05-15,92.240,91.900,92.240,7480
91.800,2017-05-16,92.100,91.760,92.100,6680
91.530,2017-05-17,92.200,91.420,92.080,45230
91.590,2017-05-18,91.600,91.330,91.590,35990
91.180,2017-05-19,91.400,91.110,91.110,25590
91.080,2017-05-22,91.260,91.000,91.260,30390
90.990,2017-05-23,91.190,90.990,91.080,12630
90.840,2017-05-24,91.060,90.840,90.990,10280
90.840,2017-05-25,91.020,90.830,91.020,14930
90.830,2017-05-26,91.000,90.820,90.990,105890
91.170,2017-05-31,91.170,90.870,90.910,14830
90.840,2017-06-01,91.160,90.840,91.160,10830
91.180,2017-06-02,91.180,90.910,90.910,9040
91.290,2017-06-05,91.300,90.870,91.280,4060
91.440,2017-06-06,91.500,91.400,91.440,21700
91.550,2017-06-07,91.570,91.340,91.500,28800
91.430,2017-06-08,91.650,91.430,91.650,10730
91.670,2017-06-09,91.670,91.430,91.440,35090
92.310,2017-06-12,92.310,91.670,91.670,130390
92.160,2017-06-13,92.510,91.920,92.040,387680
92.600,2017-06-14,92.610,91.930,92.350,468410
92.650,2017-06-15,93.000,92.440,92.780,114620
92.410,2017-06-16,92.540,92.210,92.540,301260
92.800,2017-06-19,92.800,92.570,92.570,1253200
92.890,2017-06-20,92.890,92.790,92.800,1621110
92.780,2017-06-21,92.880,92.700,92.700,123950
92.600,2017-06-22,92.870,92.500,92.520,7830
92.970,2017-06-23,92.970,92.390,92.600,1220
92.510,2017-06-26,92.690,92.260,92.690,41340
92.770,2017-06-27,92.770,92.360,92.510,129650
92.590,2017-06-28,92.590,92.470,92.510,296540
92.430,2017-06-29,92.500,92.350,92.490,198170
92.200,2017-06-30,92.260,92.150,92.250,21300
92.030,2017-07-03,92.300,92.030,92.300,1740
92.090,2017-07-04,92.820,92.080,92.500,8730
92.240,2017-07-05,92.250,91.830,91.830,54180
92.320,2017-07-06,92.320,92.150,92.230,19240
92.220,2017-07-07,92.290,92.210,92.210,11730
92.290,2017-07-10,92.290,92.020,92.020,60360
92.360,2017-07-11,92.360,92.210,92.210,28810
92.430,2017-07-12,92.560,92.370,92.370,67220
92.370,2017-07-13,92.510,92.370,92.410,10240
92.280,2017-07-14,92.360,92.230,92.360,27390
92.230,2017-07-17,92.330,92.220,92.280,86770
91.990,2017-07-18,92.260,91.900,92.260,231260
91.950,2017-07-19,92.000,91.900,92.000,13840
92.070,2017-07-20,92.070,91.910,91.910,50710
91.800,2017-07-21,92.030,91.800,92.000,66310
91.700,2017-07-24,92.230,91.600,92.130,225120
91.530,2017-07-25,91.710,91.490,91.650,177060
91.350,2017-07-26,91.500,91.340,91.500,8630
91.410,2017-07-27,91.450,91.000,91.070,27580
91.530,2017-07-28,91.690,91.200,91.450,143650
91.250,2017-07-31,91.520,91.170,91.290,15810
91.250,2017-08-01,91.250,91.210,91.250,3500
91.190,2017-08-02,91.370,91.170,91.240,22820
91.190,2017-08-03,91.250,91.150,91.200,76190
91.210,2017-08-04,91.270,91.160,91.260,21410
91.210,2017-08-07,91.260,91.130,91.210,6390
91.050,2017-08-08,91.140,91.020,91.130,5410
91.030,2017-08-09,91.100,90.970,91.050,14810
91.020,2017-08-10,91.260,90.920,91.260,1540
90.880,2017-08-11,90.940,90.870,90.880,62620
90.880,2017-08-14,90.950,90.660,90.800,74790
90.880,2017-08-15,90.970,90.820,90.970,5810
90.660,2017-08-16,90.900,90.660,90.820,7540
90.600,2017-08-17,90.700,90.600,90.700,5020
90.490,2017-08-18,90.650,90.460,90.650,10640
90.090,2017-08-21,90.470,90.090,90.470,10840
89.460,2017-08-22,90.090,89.460,90.090,55070
89.460,2017-08-23,89.590,89.450,89.590,17760
89.000,2017-08-24,89.470,89.000,89.420,12410
88.940,2017-08-25,89.100,88.850,89.000,31340
88.890,2017-08-28,89.300,88.020,88.900,17800
88.830,2017-08-29,88.900,88.780,88.900,4430
88.890,2017-08-30,88.890,88.810,88.880,6510
88.870,2017-08-31,88.880,88.820,88.880,4800
88.910,2017-09-01,89.010,88.870,88.970,69830
88.810,2017-09-04,89.000,88.810,88.990,10320
88.440,2017-09-05,88.810,88.430,88.810,38330
88.560,2017-09-06,88.570,88.350,88.490,30230
88.660,2017-09-07,88.660,88.400,88.560,98160
88.920,2017-09-08,88.920,88.550,88.650,53100
88.890,2017-09-11,89.380,88.800,88.820,26270
88.810,2017-09-12,88.890,88.720,88.890,5150
88.700,2017-09-13,88.820,88.520,88.810,13670
88.640,2017-09-14,88.950,88.640,88.700,44300
88.570,2017-09-15,88.700,88.480,88.680,89280
88.350,2017-09-18,88.520,88.070,88.520,12060
88.230,2017-09-19,88.470,88.160,88.450,30950
88.230,2017-09-20,88.350,88.170,88.170,105700
88.220,2017-09-21,88.280,88.210,88.250,45520
88.300,2017-09-22,88.300,88.200,88.300,50640
88.510,2017-09-25,88.580,88.250,88.360,597470
88.550,2017-09-26,88.550,88.390,88.400,41960
88.400,2017-09-27,88.440,88.300,88.440,94130
88.550,2017-09-28,88.590,88.490,88.490,54120
88.650,2017-09-29,88.680,88.500,88.500,22430
88.500,2017-10-09,88.680,88.500,88.680,3870
88.500,2017-10-10,88.500,88.480,88.500,18130
88.560,2017-10-11,88.560,88.420,88.450,20210
88.470,2017-10-12,88.560,88.470,88.560,45900
88.360,2017-10-13,88.500,88.350,88.500,44580
88.140,2017-10-16,88.380,88.060,88.300,27260
87.750,2017-10-17,88.190,87.710,88.100,19650
87.480,2017-10-18,87.800,87.390,87.800,16330
87.360,2017-10-19,87.580,87.320,87.560,47420
87.320,2017-10-20,87.470,87.310,87.470,22020
87.340,2017-10-23,87.420,87.300,87.420,13990
87.270,2017-10-24,87.410,87.240,87.410,4740
87.020,2017-10-25,87.340,87.020,87.340,20590
87.000,2017-10-26,87.500,86.920,87.070,17800
86.720,2017-10-27,86.920,86.710,86.920,17780
86.130,2017-10-30,86.600,86.100,86.590,17620
86.000,2017-10-31,88.130,86.000,88.130,108760
85.930,2017-11-01,86.220,85.920,86.200,100020
85.970,2017-11-02,86.100,85.910,86.050,59800
85.710,2017-11-03,86.010,85.690,85.960,99840
86.240,2017-11-06,86.270,85.700,85.720,157890
85.800,2017-11-07,86.000,85.760,86.000,48000
85.810,2017-11-08,85.830,85.750,85.780,57910
85.750,2017-11-09,85.860,85.680,85.860,476930
85.750,2017-11-10,85.780,85.700,85.760,69810
85.090,2017-11-13,85.750,85.010,85.710,73300
84.520,2017-11-14,85.100,84.500,85.100,69820
85.370,2017-11-15,85.370,84.470,84.680,553220
85.390,2017-11-16,85.460,85.060,85.280,206580
85.160,2017-11-17,86.280,85.150,85.470,30980
85.160,2017-11-20,85.230,85.150,85.170,19200
85.100,2017-11-21,85.490,84.800,85.170,32870
84.800,2017-11-22,85.150,84.800,85.000,47910
84.810,2017-11-23,84.930,84.610,84.800,75740
84.880,2017-11-24,84.970,84.800,84.970,25820
84.850,2017-11-27,85.010,84.850,84.970,15080
84.890,2017-11-28,84.970,84.740,84.740,44970
85.000,2017-11-29,85.000,84.780,84.780,11390
85.110,2017-11-30,85.110,85.010,85.030,54050
85.330,2017-12-01,85.330,85.160,85.160,23030
85.200,2017-12-04,85.330,85.120,85.330,7670
85.360,2017-12-05,85.370,85.130,85.130,83170
85.490,2017-12-06,85.500,85.280,85.310,105470
85.400,2017-12-07,85.490,85.400,85.490,15410
85.390,2017-12-08,85.470,85.300,85.350,3670
85.200,2017-12-11,85.210,85.030,85.210,6460
85.220,2017-12-12,85.280,85.050,85.050,5630
85.200,2017-12-13,85.250,85.110,85.200,107190
85.400,2017-12-14,85.460,85.270,85.270,21800
85.380,2017-12-15,85.500,85.160,85.490,6530
85.290,2017-12-18,85.480,85.170,85.220,12430
85.050,2017-12-19,85.200,85.010,85.200,69780
85.000,2017-12-20,85.100,84.920,85.090,69500
85.030,2017-12-21,85.030,84.970,85.000,44890
85.030,2017-12-22,85.100,84.940,85.100,4830
84.770,2017-12-25,85.000,84.600,84.980,9520
84.350,2017-12-26,84.740,84.280,84.740,44100
83.680,2017-12-27,84.300,83.550,84.300,96920
82.890,2017-12-28,83.880,82.880,83.770,56970
82.870,2017-12-29,83.380,82.710,83.360,409220
83.250,2018-01-02,83.450,82.860,82.980,150390
83.330,2018-01-03,83.350,83.180,83.180,103380
83.370,2018-01-04,83.380,83.310,83.320,104140
83.600,2018-01-05,83.980,83.370,83.370,87270
83.700,2018-01-08,83.700,83.590,83.650,12570
83.680,2018-01-09,83.720,83.600,83.610,7910
83.520,2018-01-10,83.690,83.490,83.620,143280
83.750,2018-01-11,84.330,83.270,83.420,135780
83.700,2018-01-12,83.860,83.550,83.860,6890
83.550,2018-01-15,83.780,83.460,83.650,7820
83.560,2018-01-16,83.690,83.480,83.480,35090
83.520,2018-01-17,83.580,83.520,83.580,12720
83.630,2018-01-18,83.680,83.500,83.500,2050
83.610,2018-01-19,83.610,83.530,83.530,1290
83.560,2018-01-22,83.590,83.510,83.510,4080
83.640,2018-01-23,83.640,83.510,83.510,1290
83.700,2018-01-24,83.700,83.430,83.450,26420
83.550,2018-01-25,83.700,83.490,83.690,90460
83.840,2018-01-26,83.840,83.560,83.650,45520
83.800,2018-01-29,83.990,83.670,83.680,41850
83.780,2018-01-30,83.920,83.700,83.910,18080
83.660,2018-01-31,83.860,83.560,83.780,9380
83.650,2018-02-01,83.660,83.330,83.660,11270
83.660,2018-02-02,83.660,83.550,83.660,10680
83.800,2018-02-05,83.850,83.420,83.420,81760
83.680,2018-02-06,83.930,83.680,83.790,38660
83.670,2018-02-07,83.750,83.510,83.700,21250
83.670,2018-02-08,83.730,83.600,83.620,34380
83.840,2018-02-09,83.860,83.560,83.560,46810
84.170,2018-02-12,84.190,83.810,83.880,45410
84.330,2018-02-13,84.360,84.120,84.120,7930
84.600,2018-02-14,84.610,84.350,84.350,23030
84.550,2018-02-22,84.670,84.410,84.550,65230
84.560,2018-02-23,84.560,84.350,84.540,57550
85.390,2018-02-26,85.490,84.610,84.610,63630
86.230,2018-02-27,86.280,85.310,85.310,45670
86.140,2018-02-28,86.300,85.880,86.100,47880
86.410,2018-03-01,86.680,86.150,86.260,36300
86.540,2018-03-02,86.750,86.420,86.590,35680
85.460,2018-03-05,86.440,85.460,86.440,35770
85.850,2018-03-06,85.900,85.450,85.500,31590
86.210,2018-03-07,86.260,85.870,85.870,50070
86.070,2018-03-08,86.390,86.020,86.340,12690
86.030,2018-03-09,86.270,85.850,86.100,31410
86.080,2018-03-12,86.200,86.030,86.030,27810
85.980,2018-03-13,86.210,85.730,86.140,19650
85.720,2018-03-14,86.010,85.300,85.500,13770
85.830,2018-03-15,85.870,85.500,85.710,23650
85.800,2018-03-16,85.920,85.640,85.800,12160
85.720,2018-03-19,85.910,85.640,85.640,203640
86.140,2018-03-20,86.140,85.690,85.760,134450
86.490,2018-03-21,86.500,86.050,86.100,307010
86.850,2018-03-22,86.850,86.320,86.320,46200
87.810,2018-03-23,87.810,86.860,86.860,176890
87.360,2018-03-26,87.990,87.300,87.990,75590
87.250,2018-03-27,87.420,87.130,87.200,39750
87.420,2018-03-28,87.680,87.160,87.160,46590
87.450,2018-03-29,87.450,87.190,87.210,7470
87.750,2018-03-30,88.050,87.230,88.050,5410
87.560,2018-04-02,87.610,87.410,87.610,18960
87.740,2018-04-03,87.880,87.360,87.370,80080
87.950,2018-04-04,88.000,87.620,87.620,168700
88.760,2018-04-09,88.800,87.900,87.950,308880
88.180,2018-04-10,88.810,88.140,88.710,46630
88.510,2018-04-11,88.510,88.150,88.210,50790
88.360,2018-04-12,88.680,88.050,88.640,82120
88.440,2018-04-13,88.560,88.310,88.350,23720
89.100,2018-04-16,89.120,88.420,88.450,59860
89.390,2018-04-17,89.390,89.000,89.100,23160
91.390,2018-04-18,91.420,89.590,89.590,182400
90.740,2018-04-19,91.230,90.350,90.810,181340
91.270,2018-04-20,91.340,90.680,90.700,99370
90.050,2018-04-23,91.320,90.050,91.310,62950
90.340,2018-04-24,90.580,89.900,90.200,46120
89.920,2018-04-25,90.360,89.900,90.100,81920
89.490,2018-04-26,89.880,89.200,89.880,24510
89.600,2018-04-27,89.750,89.390,89.510,33390
89.380,2018-05-02,89.780,89.320,89.700,27590
89.800,2018-05-03,89.980,89.220,89.400,188680
90.010,2018-05-04,90.110,89.800,89.800,71220
89.700,2018-05-07,90.150,89.010,90.000,139560
89.460,2018-05-08,89.800,89.380,89.520,70360
89.050,2018-05-09,89.380,88.900,89.380,44810
89.810,2018-05-10,89.810,88.810,89.080,20020
89.230,2018-05-11,89.340,89.050,89.080,41190
88.840,2018-05-14,89.240,88.840,89.100,26820
88.920,2018-05-15,88.950,88.800,88.940,6200
88.920,2018-05-16,88.920,88.760,88.800,9760
88.800,2018-05-17,88.900,88.710,88.740,10220
89.170,2018-05-18,89.190,88.800,88.840,118240
89.420,2018-05-21,89.550,88.900,88.920,63600
90.000,2018-05-22,90.000,89.450,89.450,122910
90.210,2018-05-23,90.280,89.800,89.800,157220
90.290,2018-05-24,90.290,89.900,90.100,22120
90.680,2018-05-25,90.680,90.160,90.340,18800
90.600,2018-05-28,90.780,90.540,90.590,17790
90.400,2018-05-29,90.490,90.320,90.470,14070
90.400,2018-05-30,90.850,90.400,90.500,139330
90.300,2018-05-31,90.450,90.100,90.400,79390
90.400,2018-06-01,90.800,90.000,90.190,94550
89.710,2018-06-04,90.770,89.600,90.770,95640
89.620,2018-06-05,89.860,89.520,89.610,7740
89.840,2018-06-06,89.840,89.660,89.660,19770
89.750,2018-06-07,89.910,89.370,89.530,87310
90.000,2018-06-08,90.000,89.670,89.870,20710
90.210,2018-06-11,90.270,89.900,90.100,12440
89.890,2018-06-12,90.190,89.870,90.190,19870
90.000,2018-06-13,90.000,89.880,89.970,22290
90.350,2018-06-14,90.400,90.110,90.170,66960
90.370,2018-06-15,90.590,90.220,90.590,67360
90.700,2018-06-19,90.870,89.700,90.360,452030
90.570,2018-06-20,90.940,90.500,90.940,16730
91.050,2018-06-21,91.280,90.620,90.930,161250
91.280,2018-06-22,91.290,90.980,90.980,9730
90.800,2018-06-25,91.310,90.780,91.310,261660
90.980,2018-06-26,91.170,90.800,90.810,186390
90.980,2018-06-27,91.080,90.830,90.830,64630
91.020,2018-06-28,91.250,91.000,91.000,83440
91.990,2018-06-29,92.280,91.040,91.040,187050
92.010,2018-07-02,92.110,91.920,92.000,134080
92.190,2018-07-03,92.310,91.850,92.000,318970
91.900,2018-07-04,92.100,91.760,92.000,148620
92.590,2018-07-05,92.680,92.190,92.190,148960
92.170,2018-07-06,92.400,91.920,92.400,189920
92.090,2018-07-09,92.100,91.510,91.900,64510
92.100,2018-07-10,92.120,91.810,91.820,21650
92.310,2018-07-11,92.470,92.000,92.430,54020
92.000,2018-07-12,92.270,91.880,92.200,154790
92.180,2018-07-13,92.250,91.950,91.960,61080
92.390,2018-07-16,92.470,92.170,92.170,60800
92.530,2018-07-17,92.570,92.330,92.420,141640
92.770,2018-07-18,92.860,92.360,92.530,167090
93.070,2018-07-19,93.260,92.610,92.940,136770
92.640,2018-07-20,93.810,92.000,93.470,200700
92.650,2018-07-23,93.000,92.510,92.700,120290
92.010,2018-07-24,92.510,91.770,92.500,173520
92.050,2018-07-25,92.100,91.780,91.780,239210
92.010,2018-07-26,92.160,91.800,92.050,256910
91.960,2018-07-27,92.010,91.800,91.950,398480
92.240,2018-07-30,92.300,91.900,92.140,315990
92.810,2018-07-31,92.870,92.250,92.250,433590
92.990,2018-08-01,93.000,92.430,92.800,208790
92.540,2018-08-02,93.340,92.530,92.890,274630
92.950,2018-08-03,93.000,92.610,92.750,423770
92.940,2018-08-06,93.200,92.770,93.100,188550
93.000,2018-08-07,93.000,92.800,92.830,520900
92.450,2018-08-08,92.940,92.230,92.840,550890
92.150,2018-08-09,92.470,91.870,92.470,148180
92.080,2018-08-10,92.200,91.930,92.050,205460
91.500,2018-08-13,92.030,90.990,92.030,60860
91.790,2018-08-14,91.900,91.260,91.260,199290
91.800,2018-08-15,91.900,91.500,91.800,242440
91.600,2018-08-16,91.860,91.130,91.640,74390
89.930,2018-08-17,91.540,89.910,91.410,66410
90.000,2018-08-20,90.100,88.480,89.810,174840
90.610,2018-08-21,91.000,89.520,89.660,215180
90.150,2018-08-22,90.960,90.110,90.600,241510
90.150,2018-08-23,90.720,90.020,90.020,12990
90.270,2018-08-24,90.400,89.920,89.920,7620
89.890,2018-08-27,90.130,89.850,89.920,9090
89.730,2018-08-28,89.890,89.570,89.890,29480
89.730,2018-08-29,89.800,89.690,89.700,19670
89.600,2018-08-30,89.740,89.320,89.740,26210
89.540,2018-08-31,89.600,89.410,89.420,215690
89.030,2018-09-03,89.530,89.000,89.480,35300
88.820,2018-09-04,89.100,88.700,89.100,243050
89.050,2018-09-05,89.180,88.840,89.000,1179320
89.080,2018-09-06,89.230,88.900,89.050,55630
88.950,2018-09-07,89.080,88.880,88.950,159620
89.130,2018-09-10,89.300,89.000,89.010,90210
89.270,2018-09-11,89.510,89.110,89.360,60210
89.350,2018-09-12,89.360,89.150,89.270,34360
89.300,2018-09-13,89.340,89.300,89.340,22850
89.320,2018-09-14,89.320,89.210,89.300,22810
89.180,2018-09-17,89.360,89.180,89.360,24290
89.130,2018-09-18,89.220,89.030,89.160,85640
89.000,2018-09-19,89.130,88.980,89.110,21500
88.890,2018-09-20,89.040,88.840,89.000,11670
88.980,2018-09-21,88.990,88.800,88.830,49560
88.950,2018-09-25,88.970,88.830,88.930,15220
88.930,2018-09-26,89.010,88.820,88.940,27340
88.900,2018-09-27,88.980,88.860,88.890,106000
89.270,2018-09-28,89.270,89.000,89.090,107660
89.210,2018-10-08,89.300,89.010,89.010,76400
89.290,2018-10-09,89.330,89.160,89.210,16960
89.230,2018-10-10,89.250,89.120,89.190,155460
89.850,2018-10-11,89.880,89.230,89.230,216780
89.740,2018-10-12,89.990,89.710,89.850,41290
89.670,2018-10-15,89.840,89.650,89.710,34600
89.740,2018-10-16,89.840,89.580,89.790,36080
89.800,2018-10-17,89.820,89.680,89.680,283100
90.290,2018-10-18,90.350,89.980,89.980,359340
90.000,2018-10-19,90.490,89.420,90.360,249660
89.470,2018-10-22,90.200,89.400,90.200,592360
89.900,2018-10-23,89.950,89.450,89.470,220710
90.450,2018-10-24,90.500,89.770,89.770,220520
90.480,2018-10-25,90.800,90.380,90.480,93570
90.900,2018-10-26,90.900,90.480,90.480,34850
91.440,2018-10-29,91.460,90.880,90.880,190880
91.310,2018-10-30,91.490,91.030,91.470,337090
91.400,2018-10-31,91.400,91.100,91.290,88230
91.400,2018-11-01,92.160,90.960,92.160,187750
90.820,2018-11-02,91.250,90.800,91.130,328810
91.080,2018-11-05,91.080,90.600,90.600,327510
91.390,2018-11-06,91.400,90.510,90.940,96120
91.710,2018-11-07,91.790,91.230,91.380,135090
91.950,2018-11-08,92.090,91.420,91.790,135400
92.070,2018-11-09,92.170,91.730,91.970,158590
92.110,2018-11-12,92.220,92.010,92.060,111840
92.050,2018-11-13,92.290,91.900,92.060,369410
92.600,2018-11-14,92.930,92.040,92.040,231720
92.600,2018-11-15,92.770,92.600,92.760,78940
93.400,2018-11-16,93.500,92.600,92.600,385160
93.790,2018-11-19,94.280,93.360,93.680,623430
93.570,2018-11-20,93.800,93.530,93.650,138050
93.580,2018-11-21,93.800,93.510,93.570,264210
93.200,2018-11-22,93.600,93.140,93.600,60940
92.900,2018-11-23,93.200,92.720,93.180,142650
92.750,2018-11-26,93.100,92.700,92.990,52550
92.880,2018-11-27,93.400,92.550,93.400,107460
92.910,2018-11-28,93.180,92.860,92.900,94190
93.550,2018-11-29,93.550,93.140,93.190,102270
93.300,2018-11-30,93.860,93.220,93.500,93640
93.260,2018-12-03,93.280,92.920,93.210,102220
94.050,2018-12-04,94.050,93.300,93.300,548410
94.580,2018-12-05,94.640,94.000,94.000,342880
95.000,2018-12-06,95.000,94.190,94.410,650490
95.080,2018-12-07,95.260,94.860,95.000,220100
95.340,2018-12-10,95.550,95.200,95.200,125230
95.570,2018-12-11,95.580,95.200,95.250,140940
95.650,2018-12-12,95.700,95.340,95.340,579410
94.500,2018-12-13,95.600,94.490,95.600,214500
93.840,2018-12-14,94.890,93.800,94.890,262700
93.630,2018-12-17,93.990,93.520,93.980,190240
94.020,2018-12-18,94.150,93.540,93.700,537390
94.360,2018-12-19,94.450,93.750,93.830,296410
94.860,2018-12-20,94.920,94.490,94.490,161020
94.640,2018-12-21,95.080,94.400,94.970,94070
94.410,2018-12-24,94.640,94.290,94.640,74580
94.810,2018-12-25,94.880,94.340,94.340,128850
95.270,2018-12-26,95.270,94.770,94.770,144080
95.550,2018-12-27,95.550,94.910,95.000,244050
95.980,2018-12-28,96.070,95.600,95.780,129800
96.100,2019-01-02,96.280,95.600,96.140,115800
96.160,2019-01-03,96.370,96.020,96.110,120120
96.090,2019-01-04,96.570,95.880,96.160,152760
96.150,2019-01-07,96.150,95.330,96.090,132890
96.400,2019-01-08,96.400,96.110,96.150,133630
96.180,2019-01-09,96.390,95.790,96.390,437670
96.200,2019-01-10,96.250,95.900,96.150,79830
95.950,2019-01-11,96.200,95.910,96.030,68200
95.510,2019-01-14,95.720,95.390,95.720,240900
95.530,2019-01-15,95.610,95.430,95.440,223500
96.050,2019-01-16,96.060,95.610,95.610,63420
96.260,2019-01-17,96.390,95.940,96.050,182600
96.170,2019-01-18,96.300,96.090,96.090,323380
96.010,2019-01-21,96.100,95.900,96.100,34950
96.130,2019-01-22,96.140,95.970,96.090,42580
95.850,2019-01-23,96.120,95.850,96.120,28350
95.950,2019-01-24,96.030,95.780,95.820,42910
95.660,2019-01-25,95.940,95.620,95.940,118020
95.530,2019-01-28,95.550,95.250,95.300,212790
95.740,2019-01-29,95.760,95.510,95.580,77450
95.650,2019-01-30,95.740,95.520,95.740,55730
95.760,2019-01-31,95.990,95.670,95.780,32000
95.950,2019-02-01,96.000,95.730,95.730,37210
95.900,2019-02-11,95.950,95.650,95.940,61000
96.070,2019-02-12,96.140,95.900,95.900,176920
95.890,2019-02-13,96.220,95.860,96.220,102560
95.830,2019-02-14,95.980,95.630,95.970,85600
96.000,2019-02-15,96.170,95.760,95.870,139560
95.770,2019-02-18,96.010,95.750,96.000,198970
95.820,2019-02-19,95.860,95.710,95.770,187180
95.830,2019-02-20,95.930,95.810,95.850,19100
95.770,2019-02-21,95.880,95.630,95.840,20710
95.840,2019-02-22,95.880,95.680,95.880,8310
95.410,2019-02-25,95.700,95.360,95.700,343500
95.150,2019-02-26,95.470,94.900,95.320,354460
95.280,2019-02-27,95.330,95.010,95.250,117760
95.420,2019-02-28,95.480,95.080,95.080,134860
95.440,2019-03-01,95.540,95.400,95.410,154720
95.450,2019-03-04,95.580,95.140,95.580,96500
95.540,2019-03-05,95.550,95.380,95.450,91070
95.570,2019-03-06,95.680,95.420,95.420,376630
95.890,2019-03-07,95.980,95.500,95.500,35270
95.880,2019-03-08,96.050,95.840,96.040,61580
95.840,2019-03-11,95.930,95.730,95.930,15660
95.790,2019-03-12,95.880,95.740,95.800,288480
95.740,2019-03-13,95.860,95.700,95.840,86710
95.780,2019-03-14,95.800,95.710,95.800,926080
95.690,2019-03-15,95.720,95.600,95.710,106440
95.720,2019-03-18,95.740,95.600,95.600,40370
95.780,2019-03-19,95.780,95.650,95.660,44840
95.850,2019-03-20,95.890,95.720,95.780,600780
96.200,2019-03-21,96.300,95.900,95.900,93070
96.260,2019-03-22,96.270,96.190,96.190,13380
96.450,2019-03-25,96.480,96.210,96.210,28650
96.840,2019-03-26,96.890,96.400,96.400,28720
96.680,2019-03-27,96.880,96.650,96.870,10240
97.030,2019-03-28,97.030,96.690,96.690,81690
96.600,2019-03-29,96.920,96.210,96.910,46690
96.250,2019-04-01,96.600,96.180,96.500,35470
96.070,2019-04-02,96.380,95.960,96.380,50270
95.720,2019-04-03,96.080,95.530,96.070,56770
95.250,2019-04-04,95.690,95.250,95.590,66900
95.060,2019-04-08,95.240,94.960,95.060,41110
95.070,2019-04-09,95.230,95.020,95.120,43370
94.560,2019-04-10,95.070,94.520,95.070,72150
94.660,2019-04-11,94.740,94.520,94.520,85350
94.560,2019-04-12,94.700,94.520,94.700,22120
93.810,2019-04-15,94.520,93.600,94.520,54530
93.390,2019-04-16,93.810,93.330,93.810,93970
93.020,2019-04-17,93.540,93.020,93.530,53190
93.060,2019-04-18,93.060,92.960,93.020,101470
93.090,2019-04-19,93.170,93.050,93.050,84620
92.980,2019-04-22,93.040,92.800,93.000,52270
92.440,2019-04-23,93.070,92.440,92.840,124150
91.790,2019-04-24,92.590,91.560,92.270,83830
91.950,2019-04-25,92.180,91.760,91.760,45360
92.100,2019-04-26,92.190,91.960,92.070,55990
91.880,2019-04-29,91.980,91.850,91.970,17350
92.210,2019-04-30,92.220,91.820,91.860,48180
92.850,2019-05-06,94.000,92.210,92.390,94730
92.730,2019-05-07,92.880,92.700,92.700,20950
92.960,2019-05-08,92.960,92.740,92.800,51550
93.630,2019-05-09,93.630,92.850,92.850,90000
93.360,2019-05-10,93.650,93.230,93.600,50690
93.700,2019-05-13,93.800,93.370,93.370,108240
93.630,2019-05-14,93.780,93.600,93.780,92800
93.600,2019-05-15,93.630,93.510,93.600,14100
93.650,2019-05-16,93.790,93.600,93.600,99640
93.670,2019-05-17,93.750,93.510,93.680,83760
93.460,2019-05-20,93.690,93.440,93.690,35400
93.200,2019-05-21,93.390,93.170,93.390,54810
93.050,2019-05-22,93.350,92.930,93.150,46570
93.300,2019-05-23,93.330,93.050,93.050,8770
93.340,2019-05-24,93.370,93.070,93.070,38170
93.040,2019-05-27,93.230,92.940,93.230,16810
93.150,2019-05-28,93.210,93.010,93.030,28630
93.430,2019-05-29,93.560,93.240,93.240,55220
93.400,2019-05-30,93.500,93.350,93.350,97580
93.450,2019-05-31,93.500,93.390,93.490,67770
93.830,2019-06-03,93.880,93.460,93.460,121970
94.380,2019-06-04,94.390,93.830,93.840,153130
94.980,2019-06-05,95.000,94.240,94.240,194220
95.050,2019-06-06,95.250,94.800,94.800,134610
94.700,2019-06-10,95.080,94.380,95.000,93190
94.190,2019-06-11,94.600,94.180,94.600,80800
94.370,2019-06-12,94.490,94.200,94.260,68570
94.540,2019-06-13,94.580,94.330,94.400,143160
94.890,2019-06-14,94.900,94.560,94.600,345940
95.110,2019-06-17,95.250,94.880,94.890,93280
94.790,2019-06-18,95.090,94.190,94.740,159210
